key,pdb,chain,source,len_bin,sse_class,n_parsed,span,helix_frac,strand_frac,best_tm_to_train
7du7_A,7du7,A,easy,<=100,low-helix,86,86,0.2325581395348837,0.4069767441860465,0.9352
6x61_B,6x61,B,easy,<=100,mid-helix,91,91,0.2967032967032967,0.2087912087912088,0.817
6tyd_A,6tyd,A,easy,<=100,high-helix,85,85,0.5764705882352941,0.0,0.6371
6kyf_A,6kyf,A,easy,101-200,low-helix,137,137,0.3065693430656934,0.2627737226277372,0.5355
6j22_A,6j22,A,easy,101-200,mid-helix,200,200,0.43,0.2,0.5344
6el2_A,6el2,A,easy,101-200,high-helix,183,183,0.7868852459016393,0.0,0.8661
5z8b_A,5z8b,A,easy,201-300,low-helix,209,209,0.2583732057416268,0.291866028708134,0.7519
5zo3_A,5zo3,A,easy,201-300,mid-helix,207,207,0.4347826086956521,0.144927536231884,0.9139
6f43_A,6f43,A,easy,201-300,high-helix,241,241,0.5477178423236515,0.0788381742738589,0.823
7o9o_A,7o9o,A,easy,>=301,low-helix,328,328,0.0182926829268292,0.5304878048780488,0.6503
6qla_A,6qla,A,easy,>=301,mid-helix,319,319,0.4200626959247649,0.1504702194357366,0.8591
6z1n_A,6z1n,A,easy,>=301,high-helix,329,329,0.5653495440729484,0.1094224924012158,0.7102
6qeu_A,6qeu,A,hard,<=100,low-helix,82,82,0.1463414634146341,0.2926829268292683,0.0
6ve7_W,6ve7,W,hard,<=100,mid-helix,86,86,0.3720930232558139,0.0,0.4837
7ng8_D,7ng8,D,hard,<=100,high-helix,75,75,0.9066666666666666,0.0,0.0
6yw5_QQ,6yw5,QQ,hard,101-200,low-helix,158,158,0.3417721518987341,0.2974683544303797,0.4848
7aah_A,7aah,A,hard,101-200,mid-helix,147,147,0.4829931972789115,0.1088435374149659,0.4783
6tdu_P,6tdu,P,hard,101-200,high-helix,114,114,0.4912280701754385,0.0,0.4985
6rur_V,6rur,V,hard,201-300,low-helix,210,210,0.0,0.3571428571428571,0.4778
7bbb_A,7bbb,A,hard,201-300,mid-helix,251,251,0.3466135458167331,0.199203187250996,0.0
6iu3_A,6iu3,A,hard,201-300,high-helix,224,224,0.8348214285714286,0.0,0.4888
6t1d_A,6t1d,A,hard,>=301,low-helix,338,338,0.0,0.4940828402366864,0.4644
6z1p_Bf,6z1p,Bf,hard,>=301,mid-helix,337,337,0.3649851632047478,0.1246290801186943,0.4697
6g7o_A,6g7o,A,hard,>=301,high-helix,350,350,0.7485714285714286,0.0,0.4964
