pdb,chain,source,length_json,best_tm_to_train,status,n_parsed,span,helix_frac,strand_frac,n_ca_breaks
5ltl,A,easy,100,0.8879,ok,67,67,0.16417910447761194,0.26865671641791045,0
5ojh,A,easy,383,0.7022,ok,379,567,0.3113456464379947,0.20052770448548812,1
5w9a,A,easy,193,0.8913,ok,193,193,0.7098445595854922,0.04145077720207254,0
5wfi,A,easy,303,0.9642,ok,301,301,0.27906976744186046,0.3588039867109635,0
5xjr,2,easy,241,0.8466,ok,208,239,0.5528846153846154,0.0,3
5xs9,A,easy,205,0.8844,ok,181,188,0.7624309392265194,0.0,1
5xwe,A,easy,83,0.8846,ok,51,62,0.0,0.43137254901960786,2
5ype,A,easy,60,0.8653,ok,48,48,0.10416666666666667,0.20833333333333334,0
5yrh,B,easy,142,0.8766,ok,141,141,0.06382978723404255,0.5106382978723404,0
5ysj,A,easy,152,0.8027,ok,138,143,0.2971014492753623,0.3333333333333333,1
5yzl,A,easy,188,0.7669,ok,159,159,0.27672955974842767,0.3584905660377358,0
5z8b,A,easy,242,0.7519,ok,209,209,0.2583732057416268,0.291866028708134,0
5zo3,A,easy,212,0.9139,ok,207,207,0.43478260869565216,0.14492753623188406,0
5zwn,S,easy,298,0.6649,ok,131,146,0.35877862595419846,0.10687022900763359,2
5zy5,A,easy,274,0.805,ok,241,255,0.4605809128630705,0.18672199170124482,2
6a6b,A,easy,63,0.5361,ok,63,63,0.0,0.0,0
6ae1,A,easy,148,0.6891,ok,114,125,0.7631578947368421,0.03508771929824561,1
6ajs,A,easy,209,0.8486,ok,207,207,0.42028985507246375,0.12560386473429952,0
6arq,A,easy,128,0.8271,ok,109,111,0.0,0.6513761467889908,1
6bn0,A,easy,79,0.8498,ok,79,79,0.12658227848101267,0.2911392405063291,0
6bsu,A,easy,338,0.5357,ok,337,337,0.4035608308605341,0.1661721068249258,0
6btm,E,easy,161,0.5092,ok,162,162,0.2716049382716049,0.0,0
6bx3,E,easy,278,0.6475,ok,192,277,0.22916666666666666,0.08333333333333333,2
6bxs,A,easy,281,0.6136,ok,272,272,0.4522058823529412,0.17279411764705882,0
6c10,A,easy,247,0.5128,ok,244,244,0.2540983606557377,0.3770491803278688,0
6c3r,A,easy,141,0.5497,ok,141,141,0.475177304964539,0.07801418439716312,0
6c90,B,easy,52,0.5711,ok,42,42,0.38095238095238093,0.0,0
6cfy,A,easy,80,0.6184,ok,70,70,0.9,0.0,0
6cfz,A,easy,77,0.7563,ok,66,66,0.9545454545454546,0.0,0
6cfz,C,easy,94,0.7772,ok,79,92,0.8354430379746836,0.0,1
6cfz,D,easy,111,0.5317,ok,73,73,0.8904109589041096,0.0,0
6cfz,J,easy,245,0.5516,ok,134,197,0.6567164179104478,0.0,1
6cw3,E,easy,122,0.5116,ok,120,120,0.3333333333333333,0.1,0
6d2s,A,easy,289,0.6019,ok,275,283,0.46545454545454545,0.1781818181818182,1
6d71,A,easy,186,0.8692,ok,172,172,0.37209302325581395,0.20930232558139536,0
6dkd,A,easy,234,0.5902,ok,229,229,0.6157205240174672,0.017467248908296942,0
6dkq,A,easy,112,0.6551,ok,111,112,0.07207207207207207,0.4864864864864865,1
6do3,A,easy,363,0.8571,ok,317,333,0.022082018927444796,0.5205047318611987,3
6dy2,A,easy,105,0.7966,ok,94,94,0.6595744680851063,0.0,0
6e52,A,easy,250,0.5443,ok,243,249,0.588477366255144,0.16049382716049382,1
6e6s,A,easy,56,0.9836,ok,56,56,0.5357142857142857,0.08928571428571429,0
6ect,A,easy,321,0.7472,ok,279,1267,0.4229390681003584,0.20430107526881722,3
6el2,A,easy,196,0.8661,ok,183,183,0.7868852459016393,0.0,0
6eld,A,easy,141,0.7409,ok,107,136,0.40186915887850466,0.22429906542056074,2
6esv,A,easy,283,0.9062,ok,261,263,0.46360153256704983,0.2260536398467433,1
6et8,A,easy,222,0.5099,ok,215,215,0.7534883720930232,0.0,0
6eun,A,easy,156,0.6917,ok,147,147,0.7687074829931972,0.06802721088435375,0
6f3t,E,easy,94,0.7259,ok,93,93,0.5161290322580645,0.0,0
6f43,A,easy,246,0.823,ok,241,241,0.5477178423236515,0.07883817427385892,0
6fan,A,easy,63,0.8048,ok,60,60,0.0,0.7166666666666667,0
6fju,A,easy,228,0.8077,ok,176,176,0.38636363636363635,0.2727272727272727,0
6fx4,A,easy,122,0.958,ok,116,116,0.39655172413793105,0.1724137931034483,0
6fzz,A,easy,214,0.8722,ok,199,199,0.7989949748743719,0.010050251256281407,0
6g4j,A,easy,315,0.81,ok,273,273,0.4139194139194139,0.2271062271062271,0
6gcs,Q,easy,132,0.9072,ok,85,85,0.49411764705882355,0.023529411764705882,0
6gs8,A,easy,308,0.794,ok,301,307,0.4219269102990033,0.16943521594684385,1
6gy7,A,easy,367,0.5741,ok,337,337,0.857566765578635,0.0,0
6h1j,A,easy,345,0.9431,ok,312,327,0.46794871794871795,0.14743589743589744,2
6hcz,A,easy,199,0.6788,ok,65,65,0.4,0.18461538461538463,0
6hfg,B,easy,147,0.6971,ok,114,137,0.13157894736842105,0.4824561403508772,2
6hiv,AT,easy,144,0.6793,ok,35,35,0.6857142857142857,0.0,0
6hiv,BO,easy,262,0.5731,ok,147,163,0.2925170068027211,0.14965986394557823,1
6hiv,Bc,easy,146,0.5283,ok,90,90,0.43333333333333335,0.06666666666666667,0
6hiv,Bg,easy,105,0.5307,ok,82,82,0.35365853658536583,0.024390243902439025,0
6hiv,Cq,easy,263,0.7626,ok,252,252,0.49603174603174605,0.0992063492063492,0
6hkw,A,easy,363,0.885,ok,306,306,0.0915032679738562,0.13725490196078433,0
6hm9,A,easy,278,0.7152,ok,272,272,0.45588235294117646,0.17647058823529413,0
6hum,I,easy,196,0.647,ok,193,193,0.27461139896373055,0.08808290155440414,0
6hww,A,easy,221,0.6622,ok,221,221,0.669683257918552,0.00904977375565611,0
6hx0,A,easy,163,0.9662,ok,137,137,0.021897810218978103,0.4744525547445255,0
6i2m,A,easy,259,0.8318,ok,196,196,0.5918367346938775,0.07653061224489796,0
6i52,A,easy,122,0.7566,ok,121,121,0.14049586776859505,0.30578512396694213,0
6ia7,A,easy,223,0.8396,ok,153,196,0.24836601307189543,0.21568627450980393,4
6iat,E,easy,60,0.5184,ok,54,54,0.0,0.0,0
6ie5,A,easy,160,0.6905,ok,141,148,0.12056737588652482,0.5177304964539007,1
6ifv,A,easy,215,0.8718,ok,204,209,0.3872549019607843,0.24509803921568626,1
6ije,A,easy,109,0.7886,ok,100,100,0.6,0.04,0
6isb,A,easy,232,0.5504,ok,221,221,0.05429864253393665,0.4751131221719457,0
6iuq,A,easy,345,0.6294,ok,295,326,0.4440677966101695,0.19661016949152543,2
6iym,A,easy,285,0.8846,ok,277,277,0.16606498194945848,0.33935018050541516,0
6j22,A,easy,202,0.5344,ok,200,200,0.43,0.2,0
6j4b,A,easy,126,0.7339,ok,123,123,0.024390243902439025,0.43902439024390244,0
6jc4,A,easy,257,0.9079,ok,200,200,0.78,0.0,0
6jjz,A,easy,102,0.5321,ok,88,88,0.17045454545454544,0.3181818181818182,0
6jmx,A,easy,262,0.7667,ok,256,256,0.1171875,0.41796875,0
6jnf,D,easy,50,0.7548,ok,34,34,0.7647058823529411,0.0,0
6jq1,A,easy,132,0.6457,ok,129,129,0.5736434108527132,0.015503875968992248,0
6juv,A,easy,197,0.5091,ok,192,192,0.6197916666666666,0.14583333333333334,0
6jzu,A,easy,341,0.6106,ok,341,341,0.41055718475073316,0.20821114369501467,0
6k15,E,easy,78,0.6133,ok,58,58,0.7068965517241379,0.0,0
6k83,A,easy,301,0.6058,ok,280,280,0.375,0.1392857142857143,0
6ka2,A,easy,160,0.936,ok,151,151,0.23841059602649006,0.4768211920529801,0
6kd5,A,easy,156,0.6805,ok,131,131,0.0916030534351145,0.26717557251908397,0
6kew,A,easy,359,0.7441,ok,342,342,0.3508771929824561,0.25146198830409355,0
6kto,D,easy,54,0.564,ok,32,48,0.0,0.1875,1
6ky1,A,easy,182,0.8898,ok,180,181,0.2833333333333333,0.37222222222222223,1
6kyf,A,easy,137,0.5355,ok,137,137,0.30656934306569344,0.26277372262773724,0
6l8e,A,easy,83,0.9048,ok,83,83,0.5542168674698795,0.13253012048192772,0
6lad,A,easy,296,0.5085,ok,197,251,0.4517766497461929,0.2182741116751269,2
6laf,A,easy,246,0.5186,ok,171,228,0.4152046783625731,0.22807017543859648,2
6lr3,A,easy,131,0.9566,ok,116,116,0.3793103448275862,0.2672413793103448,0
6ltj,R,easy,292,0.5534,ok,70,70,0.38571428571428573,0.11428571428571428,0
6lty,A,easy,117,0.6622,ok,78,78,0.4358974358974359,0.1282051282051282,0
6m1h,B,easy,61,0.8052,ok,61,61,0.639344262295082,0.0,0
6m2m,M,easy,105,0.6127,ok,10,10,0.3,0.0,0
6m9k,D,easy,67,0.7307,ok,67,67,0.7164179104477612,0.029850746268656716,0
6m9y,B,easy,172,0.98,ok,163,163,0.08588957055214724,0.558282208588957,0
6maa,A,easy,90,0.676,ok,78,78,0.14102564102564102,0.24358974358974358,0
6mhq,A,easy,348,0.9267,ok,177,221,0.7005649717514124,0.05084745762711865,1
6mvi,A,easy,293,0.9882,ok,212,212,0.19339622641509435,0.2830188679245283,0
6mwy,A,easy,214,0.9204,ok,140,170,0.09285714285714286,0.5357142857142857,2
6n3q,E,easy,206,0.728,ok,135,135,0.8074074074074075,0.0,0
6n7p,H,easy,105,0.5257,ok,52,52,0.34615384615384615,0.15384615384615385,0
6nag,A,easy,365,0.6286,ok,351,359,0.37037037037037035,0.25071225071225073,2
6nmd,B,easy,174,0.6153,ok,156,165,0.5512820512820513,0.0,1
6nop,A,easy,278,0.862,ok,260,260,0.4576923076923077,0.17307692307692307,0
6nr8,4,easy,104,0.8316,ok,104,104,0.7596153846153846,0.07692307692307693,0
6nu2,P,easy,138,0.9829,ok,133,138,0.3082706766917293,0.13533834586466165,1
6nu2,Z,easy,120,0.9872,ok,120,120,0.225,0.11666666666666667,0
6nxf,U,easy,51,0.5789,ok,46,46,0.45652173913043476,0.0,0
6nz3,A,easy,96,0.8255,ok,92,92,0.9456521739130435,0.0,0
6o1i,A,easy,345,0.876,ok,328,344,0.3628048780487805,0.14634146341463414,1
6o1t,A,easy,201,0.6629,ok,192,201,0.4635416666666667,0.296875,1
6obn,C,easy,310,0.9221,ok,285,285,0.07719298245614035,0.14035087719298245,0
6oid,A,easy,317,0.8173,ok,289,289,0.4429065743944637,0.1695501730103806,0
6onw,A,easy,379,0.6992,ok,343,374,0.6763848396501457,0.0,1
6ozz,A,easy,101,0.6181,ok,76,76,0.8421052631578947,0.0,0
6p40,A,easy,378,0.5836,ok,364,376,0.38461538461538464,0.23901098901098902,0
6p78,A,easy,251,0.7435,ok,229,230,0.3930131004366812,0.16593886462882096,1
6p8j,A,easy,302,0.8316,ok,300,300,0.5033333333333333,0.13333333333333333,0
6pnj,W,easy,101,0.8029,ok,29,29,0.5172413793103449,0.0,0
6q40,A,easy,79,0.7331,ok,79,79,0.189873417721519,0.12658227848101267,0
6q9c,A,easy,155,0.9077,ok,155,155,0.5161290322580645,0.13548387096774195,0
6qcm,CD,easy,136,0.7677,ok,123,136,0.2601626016260163,0.08943089430894309,1
6qe2,A,easy,283,0.937,ok,257,257,0.42023346303501946,0.16342412451361868,0
6qel,G,easy,245,0.6726,ok,229,235,0.4978165938864629,0.09170305676855896,1
6qj4,E,easy,135,0.7588,ok,71,114,0.5070422535211268,0.056338028169014086,1
6qla,A,easy,351,0.8591,ok,319,319,0.4200626959247649,0.15047021943573669,0
6qm7,H,easy,283,0.8669,ok,229,229,0.31004366812227074,0.27510917030567683,0
6r22,A,easy,309,0.7111,ok,74,74,0.6351351351351351,0.0,0
6r45,A,easy,211,0.8719,ok,208,208,0.4375,0.2403846153846154,0
6r6n,B,easy,100,0.7634,ok,100,100,0.49,0.04,0
6ra0,A,easy,153,0.5284,ok,138,138,0.16666666666666666,0.3188405797101449,0
6rlb,E,easy,351,0.7055,ok,312,340,0.4166666666666667,0.125,3
6rm3,LXX,easy,73,0.6225,ok,55,55,0.6181818181818182,0.0,0
6rs4,A,easy,321,0.8432,ok,315,315,0.3396825396825397,0.21587301587301588,0
6rus,B,easy,221,0.5173,ok,220,220,0.04090909090909091,0.32272727272727275,0
6rw4,8,easy,285,0.5517,ok,191,191,0.3507853403141361,0.25654450261780104,0
6sgx,A,easy,79,0.5924,ok,70,79,0.5428571428571428,0.0,1
6sqj,A,easy,332,0.8731,ok,236,242,0.17372881355932204,0.3008474576271186,1
6sx1,A,easy,83,0.7017,ok,79,79,0.12658227848101267,0.3670886075949367,0
6szw,D,easy,71,0.9212,ok,52,52,0.1346153846153846,0.3076923076923077,0
6t2r,AAA,easy,264,0.8793,ok,248,248,0.04435483870967742,0.43951612903225806,0
6t6h,A,easy,310,0.8663,ok,253,253,0.4268774703557312,0.18972332015810275,0
6t8s,AAA,easy,147,0.9769,ok,133,133,0.3458646616541353,0.2631578947368421,0
6t9i,F,easy,157,0.5505,ok,111,120,0.5585585585585585,0.0,1
6tb3,BW,easy,112,0.7898,ok,112,112,0.8214285714285714,0.0,0
6tbl,A,easy,125,0.8962,ok,119,119,0.7478991596638656,0.0,0
6tdu,AH,easy,176,0.8408,ok,160,160,0.275,0.3125,0
6tgz,F,easy,374,0.8745,ok,352,358,0.8522727272727273,0.0,1
6tm8,A,easy,332,0.8477,ok,244,244,0.18032786885245902,0.2786885245901639,0
6tmh,G,easy,252,0.8693,ok,99,99,0.7676767676767676,0.0,1
6tyd,A,easy,95,0.6371,ok,85,85,0.5764705882352941,0.0,0
6u5b,6,easy,68,0.8355,ok,55,55,0.2545454545454545,0.10909090909090909,0
6ub7,A,easy,287,0.8077,ok,254,258,0.33858267716535434,0.1732283464566929,1
6ub8,A,easy,266,0.8369,ok,249,249,0.40160642570281124,0.18072289156626506,0
6ucu,B,easy,162,0.7223,ok,50,50,0.96,0.0,0
6usm,B,easy,171,0.7853,ok,164,167,0.36585365853658536,0.17073170731707318,2
6uvu,A,easy,124,0.7986,ok,111,111,0.6036036036036037,0.12612612612612611,0
6uxm,A,easy,85,0.9465,ok,79,79,0.810126582278481,0.0,0
6v0m,A,easy,71,0.773,ok,71,71,0.7464788732394366,0.0,0
6v8i,AA,easy,193,0.6638,ok,147,147,0.09523809523809523,0.46258503401360546,0
6vd9,A,easy,75,0.8439,ok,73,73,0.3424657534246575,0.3698630136986301,0
6vo6,A,easy,321,0.9093,ok,307,311,0.38762214983713356,0.18892508143322476,1
6w1s,H,easy,108,0.6607,ok,105,108,0.7904761904761904,0.0,1
6wfv,A,easy,247,0.6776,ok,233,233,0.351931330472103,0.2532188841201717,0
6win,A,easy,140,0.5824,ok,140,140,0.15,0.2714285714285714,0
6wlp,A,easy,190,0.9274,ok,130,130,0.2230769230769231,0.3230769230769231,0
6wmk,A,easy,69,0.8606,ok,65,65,0.5076923076923077,0.27692307692307694,0
6wn3,A,easy,334,0.886,ok,324,333,0.19135802469135801,0.3395061728395062,2
6wnm,A,easy,95,0.7677,ok,79,79,0.6582278481012658,0.02531645569620253,0
6wud,B,easy,55,0.8974,ok,45,45,0.7111111111111111,0.0,0
6ww7,B,easy,297,0.6708,ok,281,281,0.7580071174377224,0.0,0
6x1l,A,easy,272,0.8534,ok,260,268,0.4115384615384615,0.2076923076923077,1
6x1o,B,easy,166,0.7663,ok,166,166,0.3614457831325301,0.1746987951807229,0
6x2d,A,easy,115,0.9871,ok,108,112,0.3425925925925926,0.28703703703703703,1
6x61,B,easy,108,0.817,ok,91,91,0.2967032967032967,0.2087912087912088,0
6x89,A8,easy,106,0.8353,ok,105,105,0.5523809523809524,0.0,0
6x89,X1,easy,101,0.6088,ok,99,99,0.6464646464646465,0.0,0
6x8n,A,easy,126,0.8795,ok,126,126,0.9126984126984127,0.0,0
6xgt,A,easy,181,0.8522,ok,159,159,0.44654088050314467,0.18238993710691823,0
6xl7,A,easy,119,0.6678,ok,119,119,0.6974789915966386,0.03361344537815126,0
6xod,B,easy,173,0.7193,ok,166,166,0.39156626506024095,0.20481927710843373,0
6xrf,C,easy,67,0.6512,ok,57,59,0.7368421052631579,0.0,1
6xyc,A,easy,293,0.8637,ok,285,285,0.34385964912280703,0.23157894736842105,0
6xyw,AJ,easy,127,0.8604,ok,81,81,0.2716049382716049,0.06172839506172839,0
6xyw,Av,easy,249,0.8161,ok,198,207,0.16161616161616163,0.2828282828282828,0
6xyw,Az,easy,109,0.7139,ok,82,82,0.3170731707317073,0.0975609756097561,0
6xyw,BJ,easy,349,0.6925,ok,349,349,0.7249283667621776,0.0,0
6xyw,Bj,easy,314,0.8146,ok,123,123,0.2926829268292683,0.18699186991869918,0
6xyw,Bm,easy,164,0.8991,ok,96,96,0.25,0.020833333333333332,0
6xyw,Bs,easy,101,0.7195,ok,66,66,0.6515151515151515,0.0,0
6y4y,A,easy,366,0.9921,ok,214,233,0.5093457943925234,0.17289719626168223,1
6y79,P,easy,124,0.7747,ok,123,123,0.5203252032520326,0.0,0
6y7v,A,easy,212,0.637,ok,210,210,0.7571428571428571,0.0,0
6yff,AA,easy,126,0.9231,ok,126,126,0.19047619047619047,0.4603174603174603,0
6yfk,AA,easy,137,0.8664,ok,137,137,0.1897810218978102,0.3795620437956204,0
6yfp,AA,easy,164,0.5882,ok,164,164,0.1402439024390244,0.29878048780487804,0
6ymy,i,easy,52,0.8413,ok,52,52,0.7307692307692307,0.0,0
6yus,A,easy,255,0.7861,ok,244,245,0.4016393442622951,0.20491803278688525,1
6yw5,22,easy,344,0.8631,ok,33,33,0.7878787878787878,0.0,0
6yw5,OO,easy,320,0.635,ok,276,283,0.6123188405797102,0.021739130434782608,1
6yw5,V,easy,219,0.5563,ok,43,103,0.3023255813953488,0.0,1
6ywe,3,easy,103,0.8112,ok,95,95,0.14736842105263157,0.06315789473684211,0
6ywe,6,easy,368,0.6946,ok,273,287,0.29304029304029305,0.2087912087912088,1
6yxx,EF,easy,373,0.7535,ok,297,306,0.43434343434343436,0.15488215488215487,1
6z16,F,easy,91,0.8338,ok,88,88,0.7727272727272727,0.0,0
6z1n,A,easy,340,0.7102,ok,329,329,0.5653495440729484,0.1094224924012158,0
6z1n,B,easy,219,0.8332,ok,197,215,0.5025380710659898,0.1319796954314721,1
6z1p,AF,easy,164,0.5629,ok,115,115,0.2,0.09565217391304348,0
6z1p,BR,easy,143,0.6495,ok,143,143,0.2097902097902098,0.34965034965034963,0
6z3w,H,easy,208,0.6125,ok,183,191,0.366120218579235,0.09836065573770492,0
6z74,A,easy,250,0.6796,ok,237,237,0.6624472573839663,0.04219409282700422,0
6z7o,A,easy,157,0.9502,ok,110,128,0.38181818181818183,0.2818181818181818,1
6zep,A,easy,377,0.8957,ok,341,352,0.39882697947214074,0.17008797653958943,1
6zl1,C,easy,143,0.6925,ok,122,142,0.8032786885245902,0.0,2
6zm0,AAA,easy,164,0.8915,ok,155,155,0.03870967741935484,0.47096774193548385,0
6zn3,A,easy,135,0.6767,ok,135,135,0.6148148148148148,0.05925925925925926,0
6zp4,X,easy,78,0.9554,ok,78,78,0.2692307692307692,0.32051282051282054,0
6zvr,A,easy,258,0.6572,ok,219,219,0.9360730593607306,0.0,0
6zyw,N,easy,132,0.8653,ok,109,109,0.3302752293577982,0.1743119266055046,0
7a23,t,easy,73,0.7237,ok,31,31,0.8064516129032258,0.0,0
7a5h,C,easy,166,0.5896,ok,113,114,0.30973451327433627,0.11504424778761062,1
7a6h,P,easy,316,0.5342,ok,146,146,0.4726027397260274,0.08904109589041095,0
7ae9,A,easy,157,0.8355,ok,141,146,0.7943262411347518,0.0,1
7ajl,AAA,easy,299,0.7395,ok,290,297,0.7206896551724138,0.0,1
7aml,B,easy,353,0.8457,ok,304,323,0.5592105263157895,0.019736842105263157,2
7aor,be,easy,82,0.8412,ok,79,79,0.0,0.4430379746835443,0
7aqc,Y,easy,86,0.8889,ok,84,84,0.2261904761904762,0.19047619047619047,0
7b6e,A,easy,307,0.6909,ok,269,307,0.7695167286245354,0.0,1
7bb5,A,easy,91,0.6003,ok,76,76,0.18421052631578946,0.27631578947368424,0
7bgb,D,easy,217,0.9145,ok,89,89,0.0449438202247191,0.449438202247191,0
7bhy,A,easy,57,0.8782,ok,57,60,0.6842105263157895,0.0,0
7bqi,A,easy,183,0.8535,ok,174,174,0.6091954022988506,0.034482758620689655,0
7bv7,C,easy,88,0.826,ok,74,74,0.7567567567567568,0.0,0
7by2,B,easy,127,0.8916,ok,120,120,0.5583333333333333,0.11666666666666667,0
7byj,A,easy,339,0.8225,ok,331,331,0.3957703927492447,0.2628398791540785,0
7c0q,A,easy,318,0.7962,ok,279,279,0.7060931899641577,0.0,0
7c2h,G,easy,200,0.5924,ok,197,197,0.25380710659898476,0.3299492385786802,0
7c3o,A,easy,359,0.9332,ok,315,359,0.27936507936507937,0.273015873015873,2
7c83,A,easy,258,0.7235,ok,251,251,0.6932270916334662,0.03187250996015936,0
7cfd,A,easy,186,0.8619,ok,176,176,0.19886363636363635,0.42045454545454547,0
7cfm,R,easy,330,0.8494,ok,273,273,0.7509157509157509,0.007326007326007326,0
7czb,A,easy,251,0.703,ok,194,194,0.5515463917525774,0.0,0
7czg,A,easy,108,0.6102,ok,93,99,0.0967741935483871,0.3978494623655914,1
7d1l,A,easy,94,0.8472,ok,80,84,0.225,0.4125,1
7d7q,A,easy,353,0.7586,ok,278,278,0.7877697841726619,0.02158273381294964,0
7ddy,A,easy,230,0.9,ok,199,199,0.5125628140703518,0.1457286432160804,0
7df2,A,easy,212,0.6701,ok,170,170,0.03529411764705882,0.5176470588235295,0
7die,A,easy,179,0.9234,ok,164,164,0.774390243902439,0.0,0
7dms,A,easy,94,0.7828,ok,94,94,0.7446808510638298,0.0,0
7du7,A,easy,91,0.9352,ok,86,86,0.23255813953488372,0.4069767441860465,0
7dvq,I,easy,367,0.6862,ok,128,135,0.28125,0.234375,1
7dyr,A,easy,84,0.6161,ok,75,75,0.56,0.0,0
7e16,A,easy,263,0.8772,ok,207,207,0.4830917874396135,0.13526570048309178,0
7e3x,A,easy,255,0.8865,ok,248,248,0.45161290322580644,0.1814516129032258,0
7eko,O,easy,180,0.7906,ok,162,162,0.5864197530864198,0.037037037037037035,0
7emf,U,easy,144,0.7941,ok,121,133,0.8429752066115702,0.0,1
7f9m,A,easy,175,0.595,ok,158,158,0.7531645569620253,0.0,0
7fa3,A,easy,84,0.7402,ok,71,71,0.5915492957746479,0.0,0
7fbh,A,easy,303,0.8498,ok,276,276,0.4927536231884058,0.2028985507246377,0
7fbw,A,easy,304,0.9721,ok,186,186,0.478494623655914,0.16129032258064516,0
7jm1,A,easy,274,0.5945,ok,272,272,0.33455882352941174,0.20220588235294118,0
7jmb,A,easy,290,0.7415,ok,262,262,0.30916030534351147,0.18702290076335878,0
7jtk,u,easy,70,0.7662,ok,50,50,0.82,0.0,0
7jtz,A,easy,157,0.8714,ok,139,139,0.5251798561151079,0.07913669064748201,0
7k36,H,easy,225,0.7994,ok,177,199,0.5932203389830508,0.0,3
7k5b,R,easy,150,0.6146,ok,150,150,0.5266666666666666,0.013333333333333334,0
7kcg,A,easy,143,0.8809,ok,143,143,0.02097902097902098,0.5244755244755245,0
7kmx,a,easy,160,0.6723,ok,160,160,0.0,0.40625,0
7kra,E,easy,182,0.5599,ok,129,133,0.5813953488372093,0.0,1
7kzm,F,easy,136,0.9066,ok,100,100,0.3,0.3,0
7lt8,A,easy,280,0.8412,ok,250,250,0.316,0.108,0
7m1n,A,easy,72,0.8973,ok,71,71,0.2535211267605634,0.2676056338028169,0
7mpl,A,easy,207,0.9129,ok,206,206,0.41262135922330095,0.1553398058252427,0
7mrl,B,easy,108,0.9832,ok,101,101,0.6534653465346535,0.0297029702970297,0
7n52,A,easy,268,0.5157,ok,249,267,0.1927710843373494,0.3132530120481928,5
7nce,A,easy,253,0.8425,ok,238,238,0.5042016806722689,0.09243697478991597,0
7ncl,A,easy,253,0.8396,ok,239,239,0.497907949790795,0.09205020920502092,0
7ncm,A,easy,253,0.8459,ok,237,237,0.5063291139240507,0.09282700421940929,0
7nlg,A,easy,106,0.6801,ok,90,90,0.6222222222222222,0.022222222222222223,0
7o3b,G,easy,135,0.5195,ok,114,1083,0.30701754385964913,0.16666666666666666,1
7o9o,A,easy,360,0.6503,ok,328,328,0.018292682926829267,0.5304878048780488,0
7og7,A,easy,182,0.6333,ok,134,134,0.19402985074626866,0.30597014925373134,0
7okn,B,easy,204,0.6891,ok,38,38,0.42105263157894735,0.0,0
7poh,A,easy,96,0.5843,ok,88,96,0.45454545454545453,0.125,1
7pok,A,easy,119,0.6396,ok,98,98,0.3979591836734694,0.07142857142857142,0
7rro,l,easy,196,0.5004,ok,114,114,0.20175438596491227,0.017543859649122806,0
7s6b,E,easy,179,0.8825,ok,86,86,0.5581395348837209,0.0,0
7sul,A,easy,356,0.8841,ok,334,337,0.017964071856287425,0.4341317365269461,1
5o57,A,hard,95,0.0,ok,95,95,0.031578947368421054,0.1368421052631579,0
5o9b,A,hard,68,0.0,ok,68,68,0.14705882352941177,0.058823529411764705,0
5oqk,A,hard,147,0.0,ok,147,147,0.7414965986394558,0.0,0
5ovm,A,hard,89,0.0,ok,82,82,0.4634146341463415,0.0,0
5wjc,B,hard,112,0.0,ok,14,14,0.5714285714285714,0.0,0
5wlp,A,hard,145,0.0,ok,145,145,0.3103448275862069,0.15862068965517243,0
5y08,A,hard,205,0.0,ok,205,205,0.5121951219512195,0.01951219512195122,0
5y1a,A,hard,344,0.4475,ok,314,314,0.1624203821656051,0.3630573248407643,0
5yhn,A,hard,69,0.0,ok,69,69,0.37681159420289856,0.057971014492753624,0
5yug,A,hard,110,0.476,ok,92,92,0.25,0.22826086956521738,0
5zaz,A,hard,52,0.0,ok,52,52,0.6346153846153846,0.0,0
5zr0,A,hard,142,0.0,ok,142,142,0.056338028169014086,0.23943661971830985,0
5zwn,Y,hard,261,0.4408,ok,196,238,0.6530612244897959,0.02040816326530612,2
6a0e,A,hard,318,0.4409,ok,305,305,0.29180327868852457,0.2721311475409836,0
6abo,B,hard,82,0.0,ok,77,77,0.935064935064935,0.0,0
6agb,D,hard,279,0.4196,ok,227,279,0.4008810572687225,0.15859030837004406,1
6ahr,L,hard,363,0.4059,ok,362,362,0.23480662983425415,0.3314917127071823,0
6akm,A,hard,65,0.0,ok,47,47,0.9148936170212766,0.0,0
6b7l,A,hard,300,0.4352,ok,290,292,0.08620689655172414,0.49310344827586206,1
6bdu,A,hard,307,0.4207,ok,269,269,0.5241635687732342,0.17100371747211895,0
6bl9,A,hard,53,0.0,ok,53,53,0.24528301886792453,0.41509433962264153,0
6bqi,A,hard,258,0.0,ok,258,258,0.3682170542635659,0.20155038759689922,0
6btm,D,hard,174,0.4815,ok,172,172,0.4883720930232558,0.12209302325581395,0
6bx3,F,hard,237,0.4645,ok,215,234,0.5534883720930233,0.0,1
6cfz,F,hard,92,0.4961,ok,59,59,0.8813559322033898,0.0,0
6cku,A,hard,56,0.0,ok,56,56,0.0,0.2857142857142857,0
6cl5,A,hard,384,0.3507,ok,374,374,0.13368983957219252,0.3449197860962567,0
6cui,A,hard,132,0.0,ok,131,131,0.4351145038167939,0.0,0
6d5f,A,hard,199,0.4811,ok,193,193,0.6010362694300518,0.04145077720207254,0
6dhx,A,hard,195,0.4972,ok,182,182,0.3021978021978022,0.3791208791208791,0
6drf,A,hard,143,0.0,ok,143,143,0.6713286713286714,0.0,0
6drq,A,hard,185,0.4735,ok,185,185,0.4540540540540541,0.17297297297297298,0
6dvu,A,hard,83,0.0,ok,51,51,0.9215686274509803,0.0,0
6e10,a,hard,207,0.4779,ok,156,156,0.3269230769230769,0.0641025641025641,0
6e2j,A,hard,107,0.0,ok,107,107,0.9626168224299065,0.0,0
6e3c,C,hard,137,0.0,ok,134,134,0.11940298507462686,0.23134328358208955,0
6e4h,A,hard,68,0.0,ok,62,62,0.46774193548387094,0.0,0
6e4j,A,hard,80,0.0,ok,72,72,0.75,0.0,0
6ea6,A,hard,220,0.4297,ok,194,194,0.09278350515463918,0.4639175257731959,0
6eg7,A,hard,285,0.4849,ok,279,279,0.4336917562724014,0.25448028673835127,0
6emr,A,hard,206,0.0,ok,206,210,0.441747572815534,0.024271844660194174,0
6eyy,A,hard,183,0.4842,ok,183,183,0.5136612021857924,0.16939890710382513,0
6f24,A,hard,119,0.0,ok,119,119,0.2773109243697479,0.31932773109243695,0
6f7e,A,hard,104,0.0,ok,104,104,0.028846153846153848,0.4807692307692308,0
6f7j,B,hard,356,0.3317,ok,318,354,0.44025157232704404,0.14150943396226415,2
6f7s,C,hard,331,0.3555,ok,319,352,0.4200626959247649,0.15987460815047022,1
6fi7,A,hard,86,0.0,ok,86,86,0.627906976744186,0.0,0
6fw4,A,hard,101,0.0,ok,101,101,0.3069306930693069,0.25742574257425743,0
6fwn,A,hard,85,0.0,ok,85,85,0.0,0.43529411764705883,0
6fwy,A,hard,280,0.4327,ok,280,280,0.19642857142857142,0.45,0
6fzk,A,hard,114,0.0,ok,114,114,0.05263157894736842,0.2631578947368421,0
6g03,A,hard,156,0.0,ok,156,156,0.5192307692307693,0.038461538461538464,0
6g7o,A,hard,350,0.4964,ok,350,350,0.7485714285714286,0.0,0
6gcj,A,hard,142,0.0,ok,121,121,0.256198347107438,0.2727272727272727,0
6gd5,A,hard,117,0.0,ok,117,117,0.0,0.5128205128205128,0
6gf2,A,hard,85,0.0,ok,85,85,0.21176470588235294,0.2823529411764706,0
6gre,A,hard,228,0.4729,ok,205,207,0.34146341463414637,0.3024390243902439,1
6gse,A,hard,159,0.0,ok,159,159,0.6918238993710691,0.0,0
6gw7,A,hard,59,0.0,ok,59,59,0.3389830508474576,0.1016949152542373,0
6gzj,B,hard,54,0.0,ok,10,10,0.0,0.0,0
6h0i,A,hard,75,0.0,ok,75,75,0.13333333333333333,0.08,0
6h3x,A,hard,231,0.4592,ok,221,221,0.6787330316742082,0.0,0
6h4k,A,hard,293,0.4993,ok,270,273,0.725925925925926,0.0,1
6h97,A,hard,226,0.4803,ok,225,225,0.7244444444444444,0.0,0
6hiv,A0,hard,185,0.4758,ok,151,159,0.26490066225165565,0.17880794701986755,1
6hiv,AJ,hard,177,0.4777,ok,126,126,0.42063492063492064,0.20634920634920634,0
6hiv,AX,hard,246,0.4621,ok,168,168,0.22023809523809523,0.16666666666666666,0
6hiv,Ag,hard,260,0.4259,ok,259,259,0.4671814671814672,0.10424710424710425,0
6hiv,Al,hard,218,0.4319,ok,209,209,0.2583732057416268,0.11961722488038277,0
6hiv,Ao,hard,259,0.3995,ok,183,233,0.273224043715847,0.01092896174863388,1
6hiv,At,hard,154,0.4646,ok,138,138,0.35507246376811596,0.0,0
6hiv,BH,hard,349,0.4501,ok,211,211,0.41232227488151657,0.16587677725118483,0
6hiv,BN,hard,302,0.4838,ok,214,214,0.40654205607476634,0.16355140186915887,0
6hiv,BV,hard,190,0.4731,ok,155,155,0.3419354838709677,0.08387096774193549,0
6hiv,BW,hard,188,0.4685,ok,187,187,0.5026737967914439,0.0427807486631016,0
6hiv,CC,hard,74,0.4697,ok,74,74,0.04054054054054054,0.25675675675675674,0
6hiv,CR,hard,320,0.3352,ok,314,314,0.31210191082802546,0.01910828025477707,0
6hiv,CU,hard,193,0.4347,ok,184,184,0.5054347826086957,0.0,0
6hiv,Cb,hard,324,0.366,ok,252,300,0.503968253968254,0.031746031746031744,1
6hiv,DS,hard,261,0.4341,ok,238,245,0.33613445378151263,0.1092436974789916,1
6hiv,DV,hard,183,0.4651,ok,160,160,0.33125,0.05625,0
6ht9,B,hard,378,0.3512,ok,316,474,0.15822784810126583,0.37341772151898733,3
6i89,A,hard,297,0.4128,ok,274,287,0.45255474452554745,0.16423357664233576,2
6iac,B,hard,251,0.3581,ok,220,249,0.2590909090909091,0.18181818181818182,1
6ieh,A,hard,105,0.4589,ok,85,97,0.15294117647058825,0.0,3
6ign,A,hard,123,0.0,ok,123,123,0.975609756097561,0.0,0
6iom,A,hard,201,0.4401,ok,191,201,0.015706806282722512,0.49214659685863876,1
6iqe,A,hard,87,0.0,ok,59,59,0.9661016949152542,0.0,0
6itw,A,hard,232,0.4436,ok,221,221,0.3393665158371041,0.2398190045248869,0
6iu3,A,hard,234,0.4888,ok,224,224,0.8348214285714286,0.0,0
6iva,B,hard,104,0.0,ok,42,42,0.9523809523809523,0.0,0
6j4s,A,hard,355,0.4843,ok,250,250,0.392,0.196,0
6j54,b,hard,82,0.4762,ok,82,82,0.7073170731707317,0.0,0
6jk0,A,hard,132,0.4318,ok,112,128,0.026785714285714284,0.30357142857142855,1
6jo7,A,hard,270,0.4118,ok,258,263,0.12790697674418605,0.45348837209302323,1
6jzc,C,hard,88,0.0,ok,35,35,0.9428571428571428,0.0,0
6kag,A,hard,217,0.4517,ok,164,174,0.35365853658536583,0.24390243902439024,2
6kbj,A,hard,373,0.4592,ok,339,339,0.0,0.4837758112094395,0
6kbm,B,hard,129,0.4847,ok,26,26,0.0,0.0,0
6kg9,A,hard,67,0.0,ok,67,67,0.373134328358209,0.0,0
6ks5,A,hard,352,0.4745,ok,301,323,0.4717607973421927,0.059800664451827246,5
6l06,A,hard,267,0.403,ok,255,255,0.27058823529411763,0.2980392156862745,0
6l7q,A,hard,145,0.4751,ok,145,145,0.33793103448275863,0.3793103448275862,0
6lep,A,hard,339,0.4388,ok,318,328,0.6823899371069182,0.025157232704402517,2
6lkn,C,hard,361,0.4118,ok,324,324,0.30864197530864196,0.16049382716049382,0
6lom,A,hard,329,0.4217,ok,295,312,0.6610169491525424,0.0,1
6lqz,A,hard,72,0.0,ok,71,71,0.5492957746478874,0.08450704225352113,0
6ltj,M,hard,336,0.3963,ok,283,375,0.4381625441696113,0.19434628975265017,4
6lvb,B,hard,132,0.4813,ok,124,124,0.4838709677419355,0.12903225806451613,0
6lz9,A,hard,108,0.0,ok,7,7,0.0,0.0,0
6m3h,A,hard,346,0.4131,ok,310,310,0.5129032258064516,0.08709677419354839,0
6m6f,A,hard,129,0.0,ok,129,129,0.05426356589147287,0.4108527131782946,0
6mc6,A,hard,278,0.4108,ok,270,270,0.5074074074074074,0.16296296296296298,0
6mi5,X,hard,117,0.0,ok,117,117,0.37606837606837606,0.05128205128205128,0
6mif,A,hard,79,0.0,ok,79,79,0.25316455696202533,0.20253164556962025,0
6mn6,A,hard,365,0.4598,ok,293,348,0.30716723549488056,0.25597269624573377,2
6mnt,A,hard,126,0.0,ok,115,115,0.0,0.3652173913043478,0
6mpo,A,hard,132,0.0,ok,124,124,0.03225806451612903,0.3064516129032258,0
6n2m,A,hard,142,0.0,ok,142,142,0.7112676056338029,0.0,0
6n2y,b1,hard,168,0.4547,ok,156,156,0.9551282051282052,0.0,0
6n38,G,hard,303,0.3991,ok,240,245,0.32916666666666666,0.1875,1
6n5m,B,hard,72,0.0,ok,62,62,0.9193548387096774,0.0,0
6nbn,A,hard,123,0.0,ok,123,123,0.6097560975609756,0.032520325203252036,0
6ncl,c6,hard,171,0.4686,ok,141,141,0.2127659574468085,0.0,0
6ncl,c9,hard,173,0.485,ok,166,166,0.5421686746987951,0.0,0
6nk3,A,hard,274,0.4129,ok,263,263,0.10266159695817491,0.4448669201520912,0
6nk6,M,hard,269,0.4185,ok,269,269,0.11152416356877323,0.4349442379182156,0
6nl3,A,hard,81,0.0,ok,79,79,0.4050632911392405,0.0,0
6nqz,A,hard,260,0.4881,ok,206,238,0.38349514563106796,0.27184466019417475,3
6ns8,A,hard,80,0.0,ok,72,72,0.6944444444444444,0.0,0
6nu4,A,hard,56,0.0,ok,56,56,0.0,0.0,0
6o2u,A,hard,135,0.4628,ok,132,132,0.09090909090909091,0.38636363636363635,0
6oh1,A,hard,84,0.0,ok,84,84,0.0,0.6547619047619048,0
6oq6,A,hard,363,0.4104,ok,342,342,0.10818713450292397,0.43859649122807015,0
6pdk,A,hard,269,0.4963,ok,248,248,0.23790322580645162,0.3387096774193548,0
6pqe,A,hard,89,0.0,ok,89,89,0.06741573033707865,0.449438202247191,0
6q44,A,hard,178,0.0,ok,178,178,0.2640449438202247,0.21910112359550563,0
6qay,A,hard,147,0.0,ok,118,118,0.0,0.4322033898305085,0
6qb7,A,hard,163,0.4994,ok,114,123,0.18421052631578946,0.42105263157894735,1
6qeu,A,hard,82,0.0,ok,82,82,0.14634146341463414,0.2926829268292683,0
6qh2,A,hard,171,0.0,ok,142,142,0.2676056338028169,0.352112676056338,0
6qld,Q,hard,231,0.3674,ok,204,231,0.7303921568627451,0.0,3
6qld,U,hard,190,0.49,ok,171,190,0.8128654970760234,0.0,2
6qle,Y,hard,238,0.441,ok,223,237,0.7040358744394619,0.0,2
6qz9,0A,hard,293,0.3453,ok,291,291,0.27491408934707906,0.38144329896907214,0
6r6b,F,hard,295,0.4905,ok,245,245,0.636734693877551,0.0,0
6rfg,A,hard,147,0.4673,ok,135,135,0.1111111111111111,0.43703703703703706,0
6rur,V,hard,215,0.4778,ok,210,210,0.0,0.35714285714285715,0
6rwg,A,hard,157,0.0,ok,157,157,0.4840764331210191,0.0,0
6s08,A,hard,225,0.4562,ok,206,212,0.0,0.36893203883495146,1
6s0a,B,hard,166,0.4607,ok,160,160,0.025,0.33125,0
6saz,B,hard,382,0.4446,ok,234,352,0.18376068376068377,0.4444444444444444,2
6sb1,A,hard,295,0.41,ok,196,204,0.05612244897959184,0.5561224489795918,1
6sga,CQ,hard,336,0.3977,ok,219,219,0.1963470319634703,0.2374429223744292,0
6sjw,A,hard,179,0.0,ok,179,179,0.07262569832402235,0.33519553072625696,0
6so9,A,hard,112,0.0,ok,112,112,0.30357142857142855,0.24107142857142858,0
6t1d,A,hard,356,0.4644,ok,338,338,0.0,0.4940828402366864,0
6t5a,E,hard,304,0.4082,ok,276,294,0.4782608695652174,0.16666666666666666,1
6tba,7A,hard,296,0.3947,ok,292,292,0.07876712328767123,0.18493150684931506,0
6tdu,G,hard,112,0.4614,ok,111,111,0.4864864864864865,0.09009009009009009,0
6tdu,N,hard,137,0.4795,ok,131,131,0.3969465648854962,0.0,0
6tdu,P,hard,120,0.4985,ok,114,114,0.49122807017543857,0.0,0
6tdw,T,hard,58,0.0,ok,9,9,0.0,0.0,0
6tv5,A,hard,137,0.0,ok,137,137,0.6642335766423357,0.0,0
6u19,B,hard,64,0.0,ok,64,64,0.484375,0.0,0
6u42,3V,hard,307,0.4981,ok,297,304,0.44107744107744107,0.03367003367003367,1
6u42,5O,hard,380,0.4316,ok,376,376,0.4015957446808511,0.22340425531914893,0
6u42,5X,hard,230,0.4181,ok,221,221,0.5339366515837104,0.05429864253393665,0
6u42,6G,hard,214,0.4825,ok,183,199,0.48633879781420764,0.03825136612021858,2
6u6r,A,hard,65,0.0,ok,44,44,0.4090909090909091,0.36363636363636365,0
6u8t,A,hard,222,0.4505,ok,211,221,0.3933649289099526,0.14691943127962084,2
6ue7,D,hard,137,0.4492,ok,131,133,0.030534351145038167,0.32061068702290074,1
6uie,A,hard,210,0.431,ok,187,207,0.5187165775401069,0.0,4
6ujv,A,hard,129,0.0,ok,107,129,0.7850467289719626,0.0,1
6uke,X,hard,258,0.3838,ok,258,258,0.29844961240310075,0.32945736434108525,0
6ux5,A,hard,50,0.0,ok,50,50,0.7,0.0,0
6uzj,A,hard,87,0.0,ok,63,63,0.047619047619047616,0.4126984126984127,0
6v22,E,hard,219,0.4855,ok,199,199,0.47738693467336685,0.21105527638190955,0
6vak,A,hard,334,0.4545,ok,272,281,0.6801470588235294,0.014705882352941176,1
6ve7,W,hard,86,0.4837,ok,86,86,0.37209302325581395,0.0,0
6vw2,A,hard,155,0.4546,ok,24,24,0.0,0.0,0
6vwu,A,hard,303,0.4823,ok,258,301,0.313953488372093,0.19767441860465115,3
6vzf,A,hard,105,0.0,ok,86,86,0.9534883720930233,0.0,0
6w1s,V,hard,297,0.4173,ok,266,297,0.41729323308270677,0.03383458646616541,2
6w9s,A,hard,179,0.4933,ok,178,178,0.5,0.10112359550561797,0
6wbp,A,hard,58,0.0,ok,56,402,0.9285714285714286,0.0,0
6wcw,A,hard,254,0.4694,ok,247,247,0.44534412955465585,0.09716599190283401,0
6wdo,A,hard,273,0.4122,ok,273,273,0.5860805860805861,0.0989010989010989,0
6ww7,C,hard,261,0.4278,ok,209,248,0.569377990430622,0.019138755980861243,2
6ww7,I,hard,262,0.4823,ok,150,157,0.18666666666666668,0.4066666666666667,1
6x1g,A,hard,219,0.4899,ok,216,216,0.7129629629629629,0.009259259259259259,0
6x46,A,hard,121,0.0,ok,80,80,0.2875,0.2125,0
6x62,AC,hard,303,0.4611,ok,200,211,0.425,0.225,1
6xgr,A,hard,381,0.4381,ok,275,275,0.03636363636363636,0.38545454545454544,0
6xkw,Y,hard,199,0.0,ok,30,30,0.8666666666666667,0.0,0
6xkw,h,hard,151,0.0,ok,25,25,0.92,0.0,0
6xor,A,hard,71,0.0,ok,71,71,0.8873239436619719,0.0,0
6xtb,E,hard,341,0.4959,ok,235,249,0.10212765957446808,0.3148936170212766,1
6xtt,B,hard,116,0.0,ok,116,116,0.646551724137931,0.034482758620689655,0
6xyw,Bc,hard,362,0.4754,ok,327,338,0.5351681957186545,0.01529051987767584,1
6y4e,A,hard,136,0.4946,ok,133,133,0.10526315789473684,0.42857142857142855,0
6y5u,A,hard,292,0.4803,ok,287,288,0.43205574912891986,0.1602787456445993,1
6y96,A,hard,94,0.0,ok,94,94,0.031914893617021274,0.4148936170212766,0
6ykr,F,hard,271,0.0,ok,25,25,0.88,0.0,0
6yle,K,hard,334,0.49,ok,24,24,0.0,0.0,0
6yrl,A,hard,116,0.0,ok,108,108,0.9814814814814815,0.0,0
6yrr,A,hard,148,0.0,ok,148,148,0.14864864864864866,0.25675675675675674,0
6ytc,A,hard,93,0.0,ok,93,93,0.0,0.27956989247311825,0
6yw5,33,hard,236,0.4724,ok,193,193,0.3160621761658031,0.18652849740932642,0
6yw5,QQ,hard,165,0.4848,ok,158,158,0.34177215189873417,0.2974683544303797,0
6yxp,A,hard,280,0.4276,ok,271,276,0.4354243542435424,0.13653136531365315,1
6yxq,A,hard,211,0.4755,ok,188,188,0.6223404255319149,0.0,0
6yxx,AI,hard,263,0.3819,ok,230,230,0.2826086956521739,0.1,0
6yxx,AX,hard,246,0.4729,ok,164,164,0.23780487804878048,0.18292682926829268,0
6z1i,A,hard,81,0.4456,ok,81,99,0.0,0.0,1
6z1o,A,hard,89,0.4106,ok,89,99,0.0,0.0,1
6z1p,AQ,hard,109,0.4843,ok,50,50,0.14,0.0,0
6z1p,Bd,hard,330,0.3866,ok,330,330,0.49393939393939396,0.08181818181818182,0
6z1p,Bf,hard,351,0.4697,ok,337,337,0.3649851632047478,0.12462908011869436,0
6z1p,Bh,hard,276,0.4726,ok,256,276,0.56640625,0.015625,0
6z1p,By,hard,132,0.4913,ok,107,107,0.514018691588785,0.0,0
6z2j,D,hard,173,0.4553,ok,155,158,0.432258064516129,0.0,1
6z2l,A,hard,197,0.45,ok,193,197,0.16062176165803108,0.40932642487046633,4
6z2o,A,hard,371,0.4416,ok,354,358,0.2627118644067797,0.307909604519774,1
6z2p,A,hard,371,0.4396,ok,356,356,0.26685393258426965,0.31179775280898875,0
6z40,A,hard,67,0.0,ok,67,67,0.08955223880597014,0.1791044776119403,0
6z41,A,hard,68,0.0,ok,68,68,0.0,0.16176470588235295,0
6zfv,A,hard,63,0.0,ok,63,63,0.09523809523809523,0.031746031746031744,0
6zuz,A,hard,90,0.0,ok,90,90,0.6,0.0,0
6zv2,A,hard,154,0.0,ok,154,154,0.6558441558441559,0.012987012987012988,0
6zze,A,hard,82,0.0,ok,82,82,0.0,0.3048780487804878,0
7a05,A,hard,173,0.0,ok,173,173,0.11560693641618497,0.4046242774566474,0
7a23,U,hard,159,0.4734,ok,122,122,0.10655737704918032,0.10655737704918032,0
7aah,A,hard,166,0.4783,ok,147,147,0.48299319727891155,0.10884353741496598,0
7ajq,F,hard,146,0.0,ok,23,23,0.6521739130434783,0.0,0
7am2,BN,hard,344,0.4638,ok,196,237,0.1836734693877551,0.08163265306122448,1
7am2,U6,hard,187,0.4159,ok,187,187,0.25133689839572193,0.11764705882352941,0
7am2,UA,hard,203,0.4159,ok,203,203,0.4236453201970443,0.019704433497536946,0
7aor,al,hard,308,0.4243,ok,292,292,0.4178082191780822,0.0,0
7aor,ao,hard,283,0.4315,ok,252,274,0.12301587301587301,0.21825396825396826,1
7aor,at,hard,259,0.4365,ok,242,242,0.2892561983471074,0.08264462809917356,0
7aor,ax,hard,172,0.4543,ok,161,161,0.2919254658385093,0.012422360248447204,0
7aor,ba,hard,217,0.4835,ok,83,83,0.25301204819277107,0.0,0
7aor,bb,hard,238,0.4852,ok,110,110,0.32727272727272727,0.01818181818181818,0
7aor,c,hard,285,0.4607,ok,263,276,0.25475285171102663,0.1482889733840304,1
7aor,g,hard,193,0.4693,ok,184,184,0.5108695652173914,0.010869565217391304,0
7aor,j,hard,189,0.4924,ok,180,180,0.31666666666666665,0.14444444444444443,0
7aor,k,hard,309,0.4408,ok,190,190,0.08947368421052632,0.18421052631578946,0
7aor,p,hard,308,0.4533,ok,242,297,0.4628099173553719,0.03305785123966942,2
7ath,AAA,hard,206,0.4832,ok,136,138,0.19117647058823528,0.3235294117647059,1
7b0q,A,hard,237,0.4971,ok,220,220,0.7681818181818182,0.0,0
7b3j,A,hard,55,0.0,ok,55,55,0.6727272727272727,0.0,0
7bbb,A,hard,251,0.0,ok,251,251,0.3466135458167331,0.199203187250996,0
7bin,K,hard,104,0.0,ok,39,39,0.8461538461538461,0.0,0
7bji,A,hard,129,0.4743,ok,82,82,0.975609756097561,0.0,0
7bjs,A,hard,89,0.0,ok,69,69,0.9565217391304348,0.0,0
7bpp,A,hard,109,0.0,ok,109,109,0.48623853211009177,0.1834862385321101,0
7bqc,A,hard,125,0.0,ok,125,125,0.472,0.224,0
7bqn,A,hard,121,0.0,ok,121,121,0.7851239669421488,0.0,0
7bsp,C,hard,361,0.38,ok,324,324,0.2654320987654321,0.14506172839506173,0
7bul,A,hard,161,0.0,ok,158,158,0.3227848101265823,0.3037974683544304,0
7bzh,A,hard,59,0.0,ok,59,59,0.5423728813559322,0.1864406779661017,0
7cma,A,hard,158,0.4484,ok,155,155,0.3225806451612903,0.3161290322580645,0
7cq1,A,hard,85,0.0,ok,77,77,0.05194805194805195,0.37662337662337664,0
7d2o,A,hard,174,0.0,ok,168,168,0.40476190476190477,0.011904761904761904,0
7d9n,A,hard,204,0.0975,ok,203,203,0.9753694581280788,0.0,0
7dco,y,hard,185,0.4103,ok,73,150,0.273972602739726,0.0,4
7dfe,A,hard,142,0.0,ok,142,142,0.6549295774647887,0.0,0
7dkl,A,hard,216,0.4818,ok,215,215,0.4511627906976744,0.18604651162790697,0
7dn9,A,hard,312,0.3836,ok,299,310,0.4180602006688963,0.14046822742474915,2
7dvq,0,hard,101,0.4828,ok,100,100,0.11,0.04,0
7eau,A,hard,50,0.0,ok,49,49,0.0,0.3469387755102041,0
7eeb,J,hard,171,0.4495,ok,161,164,0.32919254658385094,0.16770186335403728,2
7eeb,K,hard,194,0.497,ok,143,149,0.7622377622377622,0.0,2
7ekq,Q,hard,212,0.4102,ok,205,212,0.0,0.32195121951219513,1
7emf,S,hard,244,0.4755,ok,75,97,0.44,0.0,3
7exm,A,hard,278,0.4102,ok,278,278,0.21942446043165467,0.27697841726618705,0
7f3t,A,hard,375,0.4374,ok,330,330,0.796969696969697,0.0,0
7jtk,k,hard,230,0.4971,ok,213,218,0.15492957746478872,0.24413145539906103,1
7k3s,A,hard,60,0.0,ok,60,60,0.4666666666666667,0.0,0
7kqr,A,hard,316,0.4329,ok,303,303,0.5973597359735974,0.019801980198019802,0
7kwz,A,hard,148,0.4142,ok,139,139,0.0,0.0,0
7kzh,A,hard,202,0.4484,ok,182,188,0.2032967032967033,0.3626373626373626,1
7lqt,A,hard,174,0.0,ok,173,173,0.6242774566473989,0.0,0
7lw7,A,hard,346,0.4903,ok,277,290,0.4729241877256318,0.17328519855595667,1
7m1w,A,hard,105,0.0,ok,105,105,0.4095238095238095,0.0,0
7mzz,A,hard,70,0.0,ok,70,70,0.5,0.0,0
7n0l,A,hard,343,0.4895,ok,313,327,0.7763578274760383,0.0,2
7ne8,A,hard,86,0.0,ok,86,86,0.0,0.13953488372093023,0
7ng8,D,hard,264,0.0,ok,75,75,0.9066666666666666,0.0,0
7nmb,A,hard,144,0.0,ok,113,113,0.2831858407079646,0.25663716814159293,0
7nn6,A,hard,106,0.0,ok,94,94,0.19148936170212766,0.19148936170212766,0
7o37,I,hard,113,0.4927,ok,111,111,0.38738738738738737,0.07207207207207207,0
7p2p,C,hard,248,0.4707,ok,174,174,0.4942528735632184,0.19540229885057472,0
7pqc,O,hard,194,0.4118,ok,194,194,0.05670103092783505,0.0,0
7q47,A,hard,170,0.4943,ok,166,166,0.43373493975903615,0.03614457831325301,0
7rro,H,hard,274,0.4698,ok,84,103,0.2261904761904762,0.0,1
7rro,q,hard,170,0.4625,ok,79,105,0.05063291139240506,0.0,1
7rwk,A,hard,384,0.374,ok,368,368,0.3695652173913043,0.20380434782608695,0
7s0n,A,hard,122,0.0,ok,122,122,0.6311475409836066,0.0,0
