rewind,arm,n_seam,bg_cn_med,bg_broken_caca,any_broken_seam,n_clash,helix_gap,strand_gap,ins_helix,ins_strand,ins_coil,q3_d0,q3_d11,q3_surv,tm_native,share_tm_0.3_0.9,share_tm_gt_0.5
200,gly,45.354166666666664,1.5199157670916368,0.03323375476358683,0.3326822916666667,49.338541666666664,-0.14147517589444028,-0.04070766269359409,0.10647622435598776,0.09995339251845847,0.7935703831255538,0.5588203376469253,0.8184581989485099,0.7458615506683225,0.6521229817708333,0.9772135416666666,0.931640625
250,gly,45.354166666666664,1.3459445946694661,0.01071081523878529,0.13411458333333334,21.795572916666668,-0.11841747670152863,-0.040089768154389846,0.10484806412344966,0.05369486283738865,0.8414570730391616,0.5583948216081177,0.7488124708388862,0.6866744711561023,0.5253830924479167,0.9635416666666666,0.6399739583333334
300,gly,45.354166666666664,1.337370553209136,0.009232641954887042,0.12565104166666666,15.804036458333334,-0.09960361105274923,-0.02469774703993825,0.10851193400811505,0.043334753936330184,0.8481533120555548,0.547526878467365,0.675595376356554,0.6353623639650583,0.39201096354166665,0.8444010416666666,0.12174479166666667
375,gly,45.354166666666664,1.3347570656333119,0.008023568614821832,0.12955729166666666,13.440104166666666,-0.09885386465803599,-0.007680929644149753,0.10585272410900753,0.04337150469740772,0.8507757711935847,0.5266500409527392,0.6418265688444071,0.5991055878424851,0.307007734375,0.4759114583333333,0.025390625
200,comp,45.354166666666664,1.58332964607204,0.04336181915470611,0.3776041666666667,35.18359375,-0.1352975915816417,-0.051022240463999564,0.22031647978960925,0.10091481873146739,0.6787687014789233,0.533706099100207,0.7908159727512523,0.7168311212742534,0.6409821940104167,0.9798177083333334,0.9140625
250,comp,45.354166666666664,1.343116710583369,0.01111824396762869,0.14453125,10.595052083333334,-0.06644226464823685,-0.03935024283730034,0.33273529629475246,0.10225378978656963,0.565010913918678,0.5527588611878321,0.7453619212350039,0.683191207475939,0.5231744401041667,0.9635416666666666,0.6321614583333334
300,comp,45.354166666666664,1.329114933187763,0.008427100088212845,0.060546875,7.721354166666667,-0.02527369289263252,-0.02502213252708139,0.38733286022829877,0.1321018326911081,0.48056530708059314,0.5636618625622986,0.6890103236455065,0.6443832275233073,0.3958781119791667,0.8802083333333334,0.12239583333333333
375,comp,45.354166666666664,1.3282711694482714,0.007368975801151039,0.039713541666666664,6.869791666666667,-0.008007656586228918,-0.0039504215682894675,0.39800206296343354,0.17674635580618978,0.4252515812303767,0.5532949355802536,0.6552007967204229,0.619173293517974,0.31504129557291666,0.5071614583333334,0.03125
200,raygun_1dir,41.15234375,1.596005577671652,0.05173840031350413,0.2604166666666667,22.682942708333332,-0.11521202877744402,-0.06379387168836069,0.3193012204354339,0.07234391715901035,0.6083548624055558,0.6206363592868661,0.7786891844405416,0.6944021220889288,0.69599958984375,0.9856770833333334,0.8951822916666666
250,raygun_1dir,41.15234375,1.3270024296361953,0.00718182550409919,0.10677083333333333,8.561848958333334,-0.03159971783382983,-0.044887276888715764,0.4439126234276099,0.09692562372668129,0.4591617528457088,0.6378484716120828,0.7523657133340338,0.6823652870211889,0.5853337044270833,0.986328125,0.7623697916666666
300,raygun_1dir,41.15234375,1.3110480370620887,0.00055809770261002,0.0390625,7.544270833333333,0.0018113647044377468,-0.023992122192056587,0.45390147438095574,0.13309000626497292,0.41300851935407135,0.5922024967701132,0.68529050536785,0.6265368465861926,0.4272560221354167,0.90625,0.23307291666666666
375,raygun_1dir,41.15234375,1.3080670583682756,0.00010911118831599697,0.005859375,6.827473958333333,0.0003058304964331975,-0.001677767245807955,0.43827214714074475,0.1668842881391368,0.39484356472011845,0.5505150488132992,0.6373591827381242,0.5797341594286091,0.3057084049479167,0.4375,0.041015625
200,raygun_full,16.483072916666668,1.6201833852101117,0.05399748130433535,0.18880208333333334,18.970052083333332,-0.07671781577831886,-0.04505107581413729,0.2958385834716496,0.09392926116552418,0.6102321553628263,0.6558021023132331,0.7982232056529784,0.7658230031325668,0.7751330598958334,0.8138020833333334,0.9440104166666666
250,raygun_full,16.483072916666668,1.3295676956574123,0.007435337670122541,0.061197916666666664,7.530598958333333,-0.016918329401901598,-0.034331994651546856,0.44416487059743176,0.1262570771886161,0.4295780522139521,0.6783847732485845,0.7755798831379194,0.7489734887751806,0.6561830598958334,1.0,0.8834635416666666
300,raygun_full,16.483072916666668,1.3122694367387642,0.0005735921040588329,0.022135416666666668,6.518880208333333,0.014482362936300572,-0.027930633910356217,0.46420986907373746,0.1404855637178458,0.3953045672084167,0.6433884222203575,0.7037024047524044,0.686613835451531,0.4787312565104167,0.958984375,0.4029947916666667
375,raygun_full,16.483072916666668,1.3086541520121198,4.922772563945316e-05,0.00390625,6.192057291666667,0.009887590480169135,-0.00991887296928807,0.4540706573997973,0.1637628344462371,0.3821665081539656,0.5944254824698103,0.6557467998947698,0.6372669695565711,0.332522109375,0.5696614583333334,0.072265625
